"","species","val"
"1","Juncus_atratus",0.086359831
"2","Juncus_anceps",-0.055517328
"3","Juncus_gerardi",0.264817823
"4","Juncus_acutiflorus",0.113943352
"5","Luzula_multiflora",0.550228353
"6","Luzula_pilosa",0.615950052
"7","Luzula_nivea",0.469822016
"8","Luzula_luzuloides",0.478566496
"9","Luzula_alpinopilosa",0.357305808
"10","Luzula_sylvatica",0.615950052
"11","Luzula_campestris",0.534026106
"12","Juncus_capitatus",0.025305865
"13","Juncus_squarrosus",0.389166084
"14","Juncus_filiformis",0.235528447
"15","Juncus_compressus",0.139879086
"16","Juncus_ranarius",0.235528447
"17","Juncus_bufonius",0.318063335
"18","Juncus_inflexus",0.214843848
"19","Juncus_effusus",0.220108088
"20","Juncus_conglomeratus",0.012837225
"21","Juncus_articulatus",0.198657087
"22","Juncus_balticus",0.086359831
"23","Juncus_bulbosus",0.049218023
"24","Juncus_maritimus",0.222716471
"25","Schoenus_ferrugineus",0.376576957
"26","Eriophorum_latifolium",-0.229147988
"27","Carex_curta",0.40654018
"28","Carex_scandinavica",0.463892989
"29","Carex_tomentosa",0.546542663
"30","Cyperus_flavescens",0.348304863
"31","Scirpus_maritimus",0.627365857
"32","Scirpus_hudsonianus",-0.431798276
"33","Scirpus_triqueter",0.46834733
"34","Scirpus_cespitosus",0.444044796
"35","Scirpus_setaceus",0.301029996
"36","Scirpus_lacustris",0.558708571
"37","Cladium_mariscus",0.571708832
"38","Schoenus_nigricans",0.540329475
"39","Carex_secalina",0.344392274
"40","Rhynchospora_fusca",0.457881897
"41","Rhynchospora_alba",0.403120521
"42","Eleocharis_quinqueflora",0.5289167
"43","Eleocharis_multicaulis",0.474216264
"44","Eleocharis_acicularis",0.565847819
"45","Eleocharis_ovata",0.243038049
"46","Eleocharis_mamillata",0.522444234
"47","Eleocharis_uniglumis",0.552668216
"48","Cyperus_fuscus",0.190331698
"49","Blysmus_compressus",0.45331834
"50","Scirpus_sylvaticus",0.271841607
"51","Eriophorum_angustifolium",-0.22184875
"52","Eriophorum_vaginatum",-0.236572006
"53","Carex_pauciflora",0.385606274
"54","Carex_baldensis",0.561101384
"55","Carex_davalliana",0.45331834
"56","Carex_dioica",0.489958479
"57","Carex_remota",0.170261715
"58","Carex_brizoides",0.330413773
"59","Carex_chordorrhiza",0.511883361
"60","Carex_disticha",0.478566496
"61","Carex_bohemica",0.225309282
"62","Carex_ovalis",0.322219295
"63","Carex_arenaria",0.499687083
"64","Carex_paniculata",0.419955748
"65","Carex_elongata",0.419955748
"66","Carex_echinata",0.424881637
"67","Carex_foetida",0.151645603
"68","Carex_divulsa",0.481442629
"69","Carex_spicata",0.267171728
"70","Carex_otrubae",0.434568904
"71","Carex_appropinquata",0.511883361
"72","Carex_aquatilis",0.245512668
"73","Carex_nigra",0.517195898
"74","Carex_acuta",0.44870632
"75","Carex_sempervirens",0.471291711
"76","Carex_montana",0.46834733
"77","Carex_pilulifera",0.546542663
"78","Carex_panicea",0.565847819
"79","Carex_mucronata",0.382017043
"80","Carex_flacca",0.526339277
"81","Carex_humilis",0.46686762
"82","Carex_alba",0.552668216
"83","Carex_digitata",0.489958479
"84","Carex_hartmanii",0.522444234
"85","Carex_sylvatica",0.534026106
"86","Carex_distans",0.46834733
"87","Carex_hostiana",0.532754379
"88","Carex_flava",0.424881637
"89","Carex_extensa",0.571708832
"90","Carex_caryophyllea",0.376576957
"91","Carex_pallescens",0.499687083
"92","Carex_acutiformis",0.315970345
"93","Carex_elata",0.506505032
"94","Carex_limosa",0.403120521
"95","Carex_pseudocyperus",0.45331834
"96","Carex_vesicaria",0.499687083
"97","Carex_rostrata",0.457881897
"98","Carex_lasiocarpa",0.444044796
"99","Carex_riparia",0.522444234
"100","Carex_hirta",0.552668216
"101","Phleum_arenarium",0.389166084
"102","Phleum_rhaeticum",0.102433706
"103","Poa_angustifolia",0.330413773
"104","Echinochloa_crus-galli",0.5289167
"105","Apera_spica-venti",0.238046103
"106","Triticum_dicoccon",0.698970004
"107","Parapholis_filiformis",0.478566496
"108","Parapholis_strigosa",0.537819095
"109","Coleanthus_subtilis",0.201397124
"110","Trisetum_distichophyllum",0.200056666
"111","Calamagrostis_epigejos",-0.752370379
"112","Calamagrostis_varia",-0.167491087
"113","Calamagrostis_canescens",-0.040958608
"114","Nardus_stricta",0.428134794
"115","Melica_picta",0.419955748
"116","Melica_nutans",0.271841607
"117","Melica_uniflora",0.561101384
"118","Glyceria_striata",0.356025857
"119","Glyceria_maxima",-0.056980599
"120","Glyceria_fluitans",0.565847819
"121","Briza_maxima",0.357934847
"122","Brachypodium_pinnatum",0.475671188
"123","Brachypodium_sylvaticum",0.555094449
"124","Stipa_pennata",0.592176757
"125","Stipa_capillata",0.463892989
"126","Achnatherum_calamagrostis",0.012837225
"127","Bromus_erectus",0.591064607
"128","Bromus_inermis",0.312262006
"129","Bromus_ramosus",0.517195898
"130","Bromus_rubens",0.489958479
"131","Bromus_tectorum",0.478566496
"132","Bromus_sterilis",0.664641976
"133","Bromus_secalinus",0.592176757
"134","Bromus_commutatus",0.339332168
"135","Bromus_hordeaceus",0.503790683
"136","Bromus_arvensis",0.338576008
"137","Bromus_japonicus",0.208172527
"138","Bromus_squarrosus",0.534026106
"139","Hordeum_murinum",0.584331224
"140","Hordeum_secalinum",0.558708571
"141","Hordeum_vulgare",0.704150517
"142","Hordeum_jubatum",0.44870632
"143","Hordelymus_europaeus",0.413299764
"144","Eremopyrum_triticeum",0.487138375
"145","Elymus_caninus",0.658011397
"146","Elymus_farctus",0.565847819
"147","Elymus_repens",0.517195898
"148","Secale_cereale",0.740362689
"149","Triticum_durum",0.69019608
"150","Triticum_spelta",0.698970004
"151","Triticum_aestivum",0.663700925
"152","Dactylis_glomerata",0.522444234
"153","Cynosurus_cristatus",0.46834733
"154","Desmazeria_rigida",0.250420002
"155","Festuca_arundinacea",0.552668216
"156","Festuca_pratensis",0.540329475
"157","Festuca_gigantea",0.658964843
"158","Lolium_multiflorum",0.57634135
"159","Lolium_perenne",0.534026106
"160","Lolium_temulentum",0.664641976
"161","Lolium_rigidum",0.536558443
"162","Micropyrum_tenellum",0.261667229
"163","Vulpia_myuros",0.517195898
"164","Vulpia_bromoides",0.582063363
"165","Festuca_heterophylla",0.133538908
"166","Festuca_rubra",0.474216264
"167","Festuca_filiformis",0.352182518
"168","Festuca_rupicaprina",0.035149458
"169","Festuca_polesica",0.289811839
"170","Festuca_ovina",0.511883361
"171","Festuca_rupicola",0.212187604
"172","Festuca_pallens",0.179005708
"173","Festuca_valesiaca",-0.008773924
"174","Aira_praecox",0.271841607
"175","Aira_caryophyllea",0.230448921
"176","Deschampsia_cespitosa",0.45331834
"177","Deschampsia_setacea",0.146128036
"178","Holcus_lanatus",0.437750563
"179","Holcus_mollis",0.301029996
"180","Mibora_minima",0.185485492
"181","Sesleria_caerulea",0.517195898
"182","Phalaris_coerulescens",0.522444234
"183","Phalaris_arundinacea",0.522444234
"184","Trisetum_flavescens",0.096910013
"185","Koeleria_macrantha",0.252853031
"186","Arrhenatherum_elatius",0.517195898
"187","Avena_sterilis",0.655138435
"188","Avena_sativa",0.685741739
"189","Avena_fatua",0.631443769
"190","Corynephorus_canescens",0.139879086
"191","Hierochloe_australis",0.348304863
"192","Anthoxanthum_alpinum",0.154454406
"193","Anthoxanthum_odoratum",0.489958479
"194","Briza_media",0.511883361
"195","Calamagrostis_arundinacea",0.214843848
"196","Calamagrostis_stricta",0.444044796
"197","Ammophila_arenaria",0.553883027
"198","Calamagrostis_pseudophragmites",-0.677780705
"199","Agrostis_gigantea",0.269512944
"200","Agrostis_capillaris",0.127104798
"201","Agrostis_vinealis",0.201397124
"202","Agrostis_stolonifera",0.305351369
"203","Puccinellia_distans",0.356025857
"204","Alopecurus_pratensis",0.498310554
"205","Alopecurus_geniculatus",0.08817154
"206","Alopecurus_aequalis",0.283301229
"207","Phleum_pratense",0.534026106
"208","Milium_effusum",0.589949601
"209","Poa_annua",0.444044796
"210","Poa_bulbosa",0.511883361
"211","Poa_badensis",0.017033339
"212","Poa_alpina",0.356025857
"213","Poa_trivialis",0.403120521
"214","Poa_compressa",0.252853031
"215","Poa_palustris",0.230448921
"216","Poa_nemoralis",0.276461804
"217","Poa_chaixii",0.257678575
"218","Poa_pratensis",0.372912003
"219","Molinia_caerulea",0.522444234
"220","Phragmites_australis",-0.677780705
"221","Sorghum_bicolor",0.756636108
"222","Sorghum_halepense",0.380211242
"223","Chrysopogon_gryllus",0.31386722
"224","Setaria_viridis",0.597695186
"225","Setaria_verticillata",0.522444234
"226","Setaria_pumila",0.57863921
"227","Danthonia_decumbens",0.424881637
"228","Eragrostis_minor",0.385606274
"229","Cynodon_dactylon",0.161368002
"230","Phalaris_minor",0.484299839
"231","Cutandia_maritima",0.478566496
"232","Digitaria_ischaemum",0.340444115
"233","Avenula_pratensis",0.389166084
"234","Avenula_pubescens",0.45331834
"235","Bromus_benekenii",0.5289167
"236","Bromus_racemosus",0.443622794
"237","Puccinellia_rupestris",0.414973348
"238","Stipa_pulcherrima",0.372912003
"239","Elymus_pycnanthus",0.481442629
"240","Festuca_cinerea",0.227886705
"241","Festuca_trichophylla",0.294752722
"242","Festuca_nigrescens",0.289990066
"243","Koeleria_glauca",0.07975992
"244","Melica_ciliata",-0.107905397
"245","Dichanthium_ischaemum",0.397940009
"246","Deschampsia_flexuosa",0.28780173
"247","Hierochloe_odorata",0.264817823
"248","Sparganium_erectum",0.63447727
"249","Sparganium_minimum",0.457881897
"250","Typha_angustifolia",-0.853871964
"251","Typha_shuttleworthii",-0.744727495
"252","Typha_latifolia",-0.886056648
"253","Scilla_bifolia",0.680335513
"254","Hyacinthoides_non-scripta",0.665580991
"255","Anthericum_ramosum",0.599883072
"256","Anthericum_liliago",0.612783857
"257","Asparagus_officinalis",0.69019608
"258","Maianthemum_bifolium",0.691965103
"259","Polygonatum_multiflorum",0.697229343
"260","Polygonatum_odoratum",0.698970004
"261","Convallaria_majalis",0.699837726
"262","Muscari_tenuiflorum",0.544068044
"263","Muscari_comosum",0.682145076
"264","Ornithogalum_narbonense",0.645422269
"265","Ornithogalum_nutans",0.69019608
"266","Allium_sphaerocephalon",0.546542663
"267","Allium_ursinum",0.672097858
"268","Allium_ericetorum",0.465382851
"269","Allium_oleraceum",0.617000341
"270","Allium_schoenoprasum",0.534026106
"271","Allium_vineale",0.668385917
"272","Leucojum_vernum",0.618048097
"273","Gladiolus_palustris",0.540329475
"274","Gladiolus_italicus",0.680335513
"275","Iris_sibirica",0.57863921
"276","Iris_spuria",0.620136055
"277","Iris_foetidissima",0.711807229
"278","Iris_graminea",0.641474111
"279","Iris_pseudacorus",0.682145076
"280","Serapias_cordigera",-0.823908741
"281","Dactylorhiza_incarnata",-0.522878745
"282","Neottia_nidus-avis",-0.602059991
"283","Epipactis_atrorubens",-0.638272164
"284","Cypripedium_calceolus",-0.602059991
"285","Epipogium_aphyllum",-0.37675071
"286","Epipactis_palustris",-0.698970004
"287","Epipactis_helleborine",-0.721246399
"288","Gymnadenia_conopsea",-0.494850022
"289","Dactylorhiza_maculata",-0.522878745
"290","Dactylorhiza_majalis",-0.552841969
"291","Liparis_loeselii",-0.677780705
"292","Corallorhiza_trifida",-0.657577319
"293","Erythronium_dens-canis",0.635483747
"294","Fritillaria_meleagris",0.301029996
"295","Lilium_bulbiferum",0.354108439
"296","Lilium_martagon",0.285557309
"297","Colchicum_autumnale",0.797267541
"298","Veratrum_album",0.238046103
"299","Paris_quadrifolia",0.666517981
"300","Narthecium_ossifragum",-0.013228266
"301","Alisma_plantago-aquatica",0.311753861
"302","Luronium_natans",0.397940009
"303","Baldellia_ranunculoides",0.356025857
"304","Alisma_gramineum",0.36361198
"305","Alisma_lanceolatum",0.294466226
"306","Sagittaria_sagittifolia",0.330413773
"307","Triglochin_maritima",0.403120521
"308","Triglochin_palustris",0.334453751
"309","Butomus_umbellatus",0.340444115
"310","Scheuchzeria_palustris",0.540329475
"311","Potamogeton_polygonifolius",0.598790507
"312","Potamogeton_natans",0.596597096
"313","Potamogeton_alpinus",0.522444234
"314","Calla_palustris",0.658011397
"315","Arum_maculatum",0.69019608
"316","Acorus_calamus",0.414973348
"317","Barbarea_stricta",0.45331834
"318","Hesperis_matronalis",0.655138435
"319","Thlaspi_arvense",0.546542663
"320","Alliaria_petiolata",0.62838893
"321","Lepidium_campestre",0.57863921
"322","Barbarea_vulgaris",0.556302501
"323","Cardamine_impatiens",0.356025857
"324","Cardamine_pratensis",0.591064607
"325","Cardamine_hirsuta",0.240549248
"326","Cardamine_heptaphylla",0.644438589
"327","Cardamine_resedifolia",0.29136885
"328","Nasturtium_microphyllum",0.285557309
"329","Nasturtium_officinale",0.403120521
"330","Rorippa_austriaca",0.290034611
"331","Rorippa_sylvestris",0.255272505
"332","Rorippa_palustris",0.212187604
"333","Pritzelago_alpina",0.403120521
"334","Hornungia_petraea",0.276461804
"335","Descurainia_sophia",0.555094449
"336","Camelina_microcarpa",0.348304863
"337","Cochlearia_officinalis",0.525044807
"338","Cochlearia_danica",0.434568904
"339","Arabidopsis_thaliana",0.075546961
"340","Malcolmia_maritima",0.530199698
"341","Erysimum_cheiranthoides",0.44870632
"342","Erysimum_cheiri",0.495544338
"343","Lunaria_rediviva",0.552668216
"344","Lunaria_annua",0.495544338
"345","Biscutella_laevigata",0.318063335
"346","Arabis_turrita",0.238046103
"347","Arabis_pumila",0.08278537
"348","Arabis_soyeri",0.039414119
"349","Arabis_hirsuta",0.276461804
"350","Alyssum_alyssoides",0.331265292
"351","Berteroa_incana",0.484299839
"352","Aurinia_saxatilis",0.338456494
"353","Thlaspi_perfoliatum",0.604226053
"354","Diplotaxis_muralis",0.184691431
"355","Hirschfeldia_incana",0.477121255
"356","Sisymbrium_officinale",0.447158031
"357","Sisymbrium_loeselii",0.380211242
"358","Sisymbrium_altissimum",0.403120521
"359","Raphanus_raphanistrum",0.621176282
"360","Cakile_maritima",0.620136055
"361","Sinapis_alba",0.671172843
"362","Rapistrum_rugosum",0.624282096
"363","Sinapis_arvensis",0.64246452
"364","Brassica_nigra",0.620136055
"365","Brassica_rapa",0.673941999
"366","Brassica_oleracea",0.664641976
"367","Raphanus_sativus",0.720985744
"368","Teesdalia_nudicaulis",0.457881897
"369","Lobularia_maritima",0.413299764
"370","Arabis_alpina",0.322219295
"371","Draba_muralis",0.204119983
"372","Draba_incana",0.247973266
"373","Erophila_verna",0.167317335
"374","Cardaminopsis_arenosa",0.29666519
"375","Erysimum_crepidifolium",0.434568904
"376","Capsella_bursa-pastoris",0.359835482
"377","Thlaspi_alliaceum",0.369215857
"378","Thlaspi_caerulescens",0.45484486
"379","Aethionema_saxatile",0.506505032
"380","Coronopus_didymus",0.487138375
"381","Coronopus_squamatus",0.480006943
"382","Kernera_saxatilis",0.276461804
"383","Reseda_luteola",0.487138375
"384","Reseda_lutea",0.537819095
"385","Acer_saccharophorum",-0.024568191
"386","Acer_campestre",0.181843588
"387","Acer_platanoides",0.096910013
"388","Acer_negundo",-0.107905397
"389","Acer_pseudoplatanus",0.041392685
"390","Ailanthus_altissima",-0.040958608
"391","Ruta_graveolens",0.586587305
"392","Dictamnus_albus",0.672097858
"393","Ptelea_trifoliata",0.176091259
"394","Fumana_procumbens",0.618048097
"395","Helianthemum_oelandicum",0.564666064
"396","Helianthemum_nummularium",0.619093331
"397","Tilia_cordata",0.123851641
"398","Tilia_platyphyllos",0.230448921
"399","Althaea_officinalis",0.571708832
"400","Malva_pusilla",0.552668216
"401","Malva_moschata",0.522444234
"402","Malva_sylvestris",0.615950052
"403","Malva_verticillata",0.58546073
"404","Circaea_lutetiana",0.378397901
"405","Epilobium_dodonaei",-0.698970004
"406","Epilobium_parviflorum",-0.657577319
"407","Epilobium_montanum",-0.744727495
"408","Epilobium_hirsutum",-0.638272164
"409","Epilobium_tetragonum",-0.853871964
"410","Epilobium_ciliatum",-0.552841969
"411","Epilobium_palustre",-0.795880017
"412","Epilobium_anagallidifolium",-0.602059991
"413","Oenothera_biennis",0.444044796
"414","Epilobium_roseum",-0.795880017
"415","Epilobium_angustifolium",-0.721246399
"416","Epilobium_fleischeri",-0.823908741
"417","Oenothera_parviflora",0.444044796
"418","Oenothera_ammophila",0.44870632
"419","Lythrum_hyssopifolia",0.36361198
"420","Lythrum_salicaria",0.206825876
"421","Lythrum_portula",0.079181246
"422","Geranium_nodosum",0.662757832
"423","Erodium_lebelii",0.571708832
"424","Erodium_cicutarium",0.489958479
"425","Erodium_malacoides",0.462397998
"426","Geranium_robertianum",0.57054294
"427","Geranium_pusillum",0.534026106
"428","Geranium_sanguineum",0.673020907
"429","Geranium_molle",0.583198774
"430","Geranium_pratense",0.667452953
"431","Geranium_sylvaticum",0.481442629
"432","Hippophae_rhamnoides",0.592176757
"433","Urtica_dioica",0.387389826
"434","Urtica_urens",0.485721426
"435","Cannabis_sativa",0.69019608
"436","Humulus_lupulus",-0.008773924
"437","Frangula_alnus",0.63447727
"438","Rhamnus_saxatilis",0.697229343
"439","Filipendula_ulmaria",0.40654018
"440","Filipendula_vulgaris",0.414973348
"441","Geum_reptans",-0.0585482
"442","Geum_rivale",0.198657087
"443","Geum_urbanum",0.506505032
"444","Rubus_idaeus",0.565847819
"445","Agrimonia_eupatoria",0.627365857
"446","Sanguisorba_minor",0.605305046
"447","Sanguisorba_officinalis",0.587710965
"448","Rosa_sherardii",0.673941999
"449","Rosa_agrestis",0.69019608
"450","Fragaria_viridis",0.511883361
"451","Fragaria_vesca",0.437750563
"452","Aphanes_arvensis",0.33243846
"453","Alchemilla_alpina",0.235528447
"454","Potentilla_anserina",0.389166084
"455","Potentilla_alba",0.471291711
"456","Potentilla_caulescens",-0.070581074
"457","Potentilla_reptans",0.489958479
"458","Potentilla_erecta",0.506505032
"459","Potentilla_supina",0.23299611
"460","Potentilla_argentea",0.40654018
"461","Potentilla_recta",0.439332694
"462","Alchemilla_monticola",0.247973266
"463","Alchemilla_glabra",0.401400541
"464","Alchemilla_xanthochlora",0.463892989
"465","Geum_montanum",-0.006594634
"466","Agrimonia_procera",0.546542663
"467","Sanguisorba_dodecandra",0.328379603
"468","Dryas_octopetala",0.149219113
"469","Prunus_spinosa",0.737192643
"470","Sorbus_aria",0.64246452
"471","Rosa_micrantha",0.69019608
"472","Rosa_dumalis",0.627365857
"473","Rosa_jundzillii",0.627365857
"474","Rosa_rubiginosa",0.64246452
"475","Aruncus_dioicus",0.071882007
"476","Potentilla_tabernaemontani",0.434568904
"477","Potentilla_palustris",0.489958479
"478","Amelanchier_ovalis",0.540329475
"479","Myrica_gale",0.5289167
"480","Alnus_glutinosa",0.385606274
"481","Ostrya_carpinifolia",0.113943352
"482","Carpinus_betulus",0.113943352
"483","Betula_papyrifera",-0.259637311
"484","Betula_nana",0.372912003
"485","Betula_pubescens",0.004321374
"486","Betula_pendula",-0.337242168
"487","Tetragonolobus_maritimus",0.540329475
"488","Lupinus_polyphyllus",0.748962861
"489","Cytisus_scoparius",0.656098202
"490","Lembotropis_nigricans",0.552668216
"491","Ulex_europaeus",0.653212514
"492","Genista_germanica",0.693726949
"493","Genista_tinctoria",0.646403726
"494","Phaseolus_coccineus",0.791690649
"495","Phaseolus_vulgaris",0.776701184
"496","Hippocrepis_comosa",0.541579244
"497","Coronilla_coronata",0.636487896
"498","Coronilla_vaginalis",0.639486489
"499","Ornithopus_perpusillus",0.204119983
"500","Anthyllis_vulneraria",0.598790507
"501","Dorycnium_pentaphyllum",0.643452676
"502","Lotus_pedunculatus",0.552668216
"503","Lotus_corniculatus",0.64246452
"504","Hedysarum_hedysaroides",0.164352856
"505","Onobrychis_viciifolia",0.69019608
"506","Astragalus_glycyphyllos",0.650307523
"507","Galega_officinalis",0.605305046
"508","Vicia_hirsuta",0.682145076
"509","Vicia_villosa",0.69019608
"510","Vicia_cracca",0.701567985
"511","Vicia_lathyroides",0.511669502
"512","Vicia_sepium",0.707570176
"513","Vicia_sativa",0.72427587
"514","Vicia_tetrasperma",0.706717782
"515","Lathyrus_sylvestris",0.69019608
"516","Lathyrus_tuberosus",0.745074792
"517","Lathyrus_vernus",0.698970004
"518","Lathyrus_pratensis",0.698970004
"519","Lathyrus_aphaca",0.698970004
"520","Lathyrus_japonicus",0.698970004
"521","Melilotus_officinalis",0.57863921
"522","Medicago_lupulina",0.571708832
"523","Ononis_spinosa",0.649334859
"524","Medicago_turbinata",0.62838893
"525","Medicago_sativa",0.620136055
"526","Trifolium_badium",0.609594409
"527","Trifolium_campestre",0.511883361
"528","Trifolium_dubium",0.478566496
"529","Trifolium_alpinum",0.665580991
"530","Trifolium_striatum",0.480409414
"531","Trifolium_pratense",0.57863921
"532","Trifolium_rubens",0.638489257
"533","Trifolium_medium",0.641474111
"534","Trifolium_arvense",0.252853031
"535","Trifolium_hybridum",0.534026106
"536","Trifolium_fragiferum",0.64738297
"537","Trifolium_montanum",0.593286067
"538","Trifolium_repens",0.563481085
"539","Trifolium_ochroleucon",0.383815366
"540","Cytisus_sessilifolius",0.657055853
"541","Melilotus_altissima",0.574031268
"542","Melilotus_sulcata",0.627365857
"543","Lathyrus_annuus",0.722633923
"544","Chamaespartium_sagittale",0.559906625
"545","Astragalus_danicus",0.558708571
"546","Chamaecytisus_purpureus",0.650307523
"547","Chamaecytisus_hirsutus",0.646403726
"548","Ononis_repens",0.670245853
"549","Robinia_pseudacacia",0.757396029
"550","Coronilla_varia",0.584331224
"551","Coronilla_emerus",0.649334859
"552","Vicia_sylvatica",0.702430536
"553","Polygala_nicaeensis",0.544068044
"554","Polygala_chamaebuxus",0.614897216
"555","Polygala_vulgaris",0.320146286
"556","Polygala_amarella",0.465382851
"557","Polygala_comosa",0.356025857
"558","Polygala_amara",0.440909082
"559","Viola_riviniana",0.583198774
"560","Viola_pumila",0.540329475
"561","Viola_lutea",0.537819095
"562","Viola_hirta",0.397940009
"563","Viola_canina",0.57863921
"564","Viola_elatior",0.571708832
"565","Viola_arvensis",0.546542663
"566","Viola_tricolor",0.565847819
"567","Salix_aurita",-0.721246399
"568","Salix_helvetica",-0.735111374
"569","Populus_tremula",-0.958607315
"570","Populus_nigra",-0.48148606
"571","Salix_fragilis",-0.638272164
"572","Salix_pentandra",-0.619788758
"573","Salix_hastata",-0.891198276
"574","Salix_herbacea",-0.522878745
"575","Salix_caprea",-0.886056648
"576","Salix_reticulata",-0.494850022
"577","Salix_glauca",-0.638272164
"578","Salix_lapponum",-0.522878745
"579","Salix_repens",-0.795880017
"580","Salix_myrsinites",-0.677780705
"581","Salix_retusa",-0.592796112
"582","Salix_viminalis",-0.795880017
"583","Euphorbia_brittingeri",0.42975228
"584","Ricinus_communis",0.787460475
"585","Mercurialis_annua",0.57863921
"586","Mercurialis_perennis",0.664641976
"587","Euphorbia_cyparissias",0.596597096
"588","Euphorbia_variabilis",0.491361694
"589","Hypericum_pulchrum",0.243038049
"590","Hypericum_elodes",0.281033367
"591","Hypericum_perforatum",0.352182518
"592","Hypericum_maculatum",0.28780173
"593","Hypericum_hirsutum",0.214843848
"594","Hypericum_montanum",0.212187604
"595","Hypericum_humifusum",0.212187604
"596","Linum_viscosum",0.44870632
"597","Radiola_linoides",0.037426498
"598","Linum_catharticum",0.356025857
"599","Linum_tenuifolium",0.63748973
"600","Linum_flavum",0.517195898
"601","Oxalis_acetosella",0.495544338
"602","Parnassia_palustris",0.033423755
"603","Saxifraga_bryoides",0.106768665
"604","Saxifraga_vandellii",0.139879086
"605","Saxifraga_stellaris",0.225309282
"606","Saxifraga_tridactylites",0.06069784
"607","Saxifraga_androsacea",0.165570741
"608","Saxifraga_aphylla",0.144262774
"609","Saxifraga_hypnoides",0.139879086
"610","Saxifraga_granulata",0.206825876
"611","Saxifraga_hirculus",0.274157849
"612","Saxifraga_paniculata",0.208306962
"613","Saxifraga_rotundifolia",0.220108088
"614","Saxifraga_hostii",0.238046103
"615","Saxifraga_mutata",0.136720567
"616","Saxifraga_aizoides",0.193124598
"617","Saxifraga_biflora",0.213650548
"618","Saxifraga_oppositifolia",0.255730685
"619","Ribes_alpinum",0.64246452
"620","Umbilicus_rupestris",-0.251811973
"621","Sedum_rupestre",0.100370545
"622","Sedum_villosum",0.096910013
"623","Sedum_acre",0.167317335
"624","Sedum_sexangulare",-0.013600038
"625","Sedum_alpestre",0.114911084
"626","Sedum_album",0.187520721
"627","Sempervivum_montanum",0.076749641
"628","Sempervivum_arachnoideum",0.047274867
"629","Paeonia_officinalis",0.704150517
"630","Chenopodium_ficifolium",0.439332694
"631","Chenopodium_bonus-henricus",0.598790507
"632","Chenopodium_glaucum",0.385606274
"633","Amaranthus_retroflexus",0.5289167
"634","Amaranthus_caudatus",0.579783597
"635","Beta_vulgaris",0.67669361
"636","Spinacia_oleracea",0.770852012
"637","Chenopodium_album",0.532754379
"638","Chenopodium_rubrum",0.428134794
"639","Atriplex_hortensis",0.181843588
"640","Atriplex_patula",0.605305046
"641","Atriplex_oblongifolia",0.517195898
"642","Atriplex_prostrata",0.612783857
"643","Atriplex_calotheca",0.522444234
"644","Atriplex_littoralis",0.565847819
"645","Atriplex_tatarica",0.324282455
"646","Suaeda_maritima",0.540329475
"647","Suaeda_vera",0.447158031
"648","Salicornia_europaea",0.376576957
"649","Salsola_kali",0.294466226
"650","Corispermum_intermedium",0.506505032
"651","Atriplex_nitens",0.501059262
"652","Sagina_nodosa",0.021189299
"653","Spergula_morisonii",0.178976947
"654","Lychnis_chalcedonica",0.515873844
"655","Lychnis_flos-cuculi",0.46834733
"656","Spergularia_echinosperma",0.123851641
"657","Herniaria_glabra",0.271841607
"658","Illecebrum_verticillatum",0.075546961
"659","Spergula_arvensis",0.498310554
"660","Spergularia_marina",0.240549248
"661","Arenaria_serpyllifolia",0.356025857
"662","Stellaria_nemorum",0.45331834
"663","Myosoton_aquaticum",0.371067862
"664","Stellaria_media",0.489958479
"665","Stellaria_holostea",0.612783857
"666","Stellaria_graminea",0.495544338
"667","Cerastium_glomeratum",0.397940009
"668","Cerastium_fontanum",0.434568904
"669","Holosteum_umbellatum",0.204119983
"670","Cerastium_semidecandrum",0.214843848
"671","Cerastium_arvense",0.439332694
"672","Cerastium_latifolium",0.344392274
"673","Cerastium_uniflorum",0.174699288
"674","Spergularia_media",0.434568904
"675","Spergularia_rubra",0.225309282
"676","Minuartia_verna",0.252853031
"677","Sagina_saginoides",0.457881897
"678","Sagina_apetala",0.10720997
"679","Sagina_procumbens",0.021189299
"680","Scleranthus_annuus",0.546542663
"681","Scleranthus_perennis",0.369215857
"682","Honkenya_peploides",0.649334859
"683","Gypsophila_elegans",0.681241237
"684","Gypsophila_repens",0.487138375
"685","Saponaria_officinalis",0.624282096
"686","Saponaria_ocymoides",0.661812686
"687","Petrorhagia_prolifera",0.434568904
"688","Dianthus_deltoides",0.394451681
"689","Dianthus_superbus",0.46834733
"690","Dianthus_carthusianorum",0.328379603
"691","Dianthus_monspessulanus",0.482873584
"692","Dianthus_barbatus",0.492760389
"693","Dianthus_sylvestris",0.463892989
"694","Dianthus_seguieri",0.445604203
"695","Agrostemma_githago",0.723455672
"696","Silene_armeria",0.215505378
"697","Silene_rupestris",0.161368002
"698","Silene_otites",0.492760389
"699","Silene_saxifraga",0.444044796
"700","Silene_nutans",0.562292864
"701","Silene_acaulis",0.068185862
"702","Silene_noctiflora",0.627365857
"703","Silene_dioica",0.588831726
"704","Silene_latifolia",0.598790507
"705","Silene_uniflora",0.591064607
"706","Silene_vulgaris",0.62324929
"707","Arenaria_ciliata",0.310268367
"708","Silene_chlorantha",0.394451681
"709","Stellaria_uliginosa",0.250420002
"710","Stellaria_palustris",0.499687083
"711","Corrigiola_litoralis",0.230448921
"712","Montia_fontana",0.489958479
"713","Portulaca_oleracea",0.356025857
"714","Phytolacca_esculenta",0.698970004
"715","Polygonum_hydropiper",0.539076099
"716","Polygonum_persicaria",0.539076099
"717","Polygonum_viviparum",0.394083776
"718","Polygonum_bistorta",0.394451681
"719","Rumex_stenophyllus",0.534026106
"720","Rumex_palustris",0.484299839
"721","Rumex_maritimus",0.103803721
"722","Rumex_hydrolapathum",0.539076099
"723","Rumex_longifolius",0.352182518
"724","Rumex_alpinus",0.204119983
"725","Fallopia_convolvulus",0.620136055
"726","Polygonum_aviculare",0.431363764
"727","Oxyria_digyna",0.480006943
"728","Rumex_crispus",0.46834733
"729","Rumex_pulcher",0.620136055
"730","Rumex_conglomeratus",0.46834733
"731","Rumex_sanguineus",0.534026106
"732","Rumex_obtusifolius",0.53529412
"733","Rumex_scutatus",0.233148468
"734","Rumex_acetosella",0.515873844
"735","Rumex_thyrsiflorus",0.478566496
"736","Rumex_acetosa",0.495544338
"737","Armeria_maritima",0.56937391
"738","Limonium_vulgare",0.414973348
"739","Myricaria_germanica",0.136720567
"740","Drosera_rotundifolia",-0.055517328
"741","Drosera_intermedia",0.139879086
"742","Thesium_pyrenaicum",0.421603927
"743","Thesium_bavarum",0.599883072
"744","Thesium_alpinum",0.456366033
"745","Bifora_radians",0.64246452
"746","Bifora_testiculata",0.667452953
"747","Pimpinella_major",0.58546073
"748","Astrantia_major",0.432969291
"749","Eryngium_maritimum",0.565847819
"750","Bupleurum_tenuissimum",0.534026106
"751","Bupleurum_falcatum",0.568201724
"752","Bupleurum_ranunculoides",0.431363764
"753","Oenanthe_aquatica",0.627365857
"754","Oenanthe_lachenalii",0.511883361
"755","Oenanthe_fistulosa",0.558708571
"756","Smyrnium_olusatrum",0.67669361
"757","Ligusticum_scoticum",0.418301291
"758","Myrrhis_odorata",0.592176757
"759","Anthriscus_sylvestris",0.62324929
"760","Chaerophyllum_hirsutum",0.517195898
"761","Chaerophyllum_temulum",0.574031268
"762","Torilis_japonica",0.556302501
"763","Torilis_nodosa",0.457881897
"764","Laserpitium_latifolium",0.414973348
"765","Laserpitium_siler",0.561101384
"766","Daucus_carota",0.439332694
"767","Crithmum_maritimum",0.457881897
"768","Aegopodium_podagraria",0.568201724
"769","Falcaria_vulgaris",0.558708571
"770","Pimpinella_saxifraga",0.583198774
"771","Foeniculum_vulgare",0.515873844
"772","Ammi_majus",0.499687083
"773","Apium_graveolens",0.484299839
"774","Coriandrum_sativum",0.673020907
"775","Conium_maculatum",0.582063363
"776","Pastinaca_sativa",0.40654018
"777","Heracleum_sibiricum",0.376576957
"778","Heracleum_sphondylium",0.271841607
"779","Heracleum_mantegazzianum",0.338456494
"780","Silaum_silaus",0.534026106
"781","Selinum_carvifolia",0.46834733
"782","Aethusa_cynapium",0.484299839
"783","Seseli_hippomarathrum",0.311753861
"784","Angelica_sylvestris",0.434568904
"785","Angelica_archangelica",0.424881637
"786","Pleurospermum_austriacum",0.57863921
"787","Chaerophyllum_bulbosum",0.58546073
"788","Athamanta_cretensis",0.450249108
"789","Peucedanum_oreoselinum",0.419955748
"790","Peucedanum_officinale",0.517195898
"791","Peucedanum_cervaria",0.442479769
"792","Peucedanum_ostruthium",0.334453751
"793","Conopodium_majus",0.59439255
"794","Scandix_pecten-veneris",0.619093331
"795","Cnidium_dubium",0.380211242
"796","Trinia_glauca",0.545307116
"797","Apium_nodiflorum",0.540329475
"798","Turgenia_latifolia",0.484299839
"799","Solidago_altissima",-0.552841969
"800","Solidago_graminifolia",-0.782516056
"801","Omalotheca_supina",-0.229147988
"802","Inula_crithmoides",-0.207608311
"803","Anthemis_tinctoria",0.432969291
"804","Petasites_hybridus",-0.552841969
"805","Cnicus_benedictus",0.627365857
"806","Adenostyles_alliariae",-0.13667714
"807","Matricaria_maritima",0.394451681
"808","Hypochoeris_radicata",0.348304863
"809","Picris_echioides",-0.022276395
"810","Picris_pauciflora",0.526339277
"811","Gnaphalium_luteo-album",-0.124938737
"812","Cirsium_eriophorum",-0.207608311
"813","Cirsium_pannonicum",0.5774918
"814","Cirsium_acaule",-0.412289035
"815","Cirsium_dissectum",-0.193820026
"816","Aster_lanceolatus",-0.408935393
"817","Aster_novi-belgii",-0.397940009
"818","Aster_linosyris",0.021189299
"819","Centaurea_nigrescens",0.552668216
"820","Centaurea_rhenana",0.546542663
"821","Centaurea_triumfetti",0.587710965
"822","Carlina_vulgaris",-0.229147988
"823","Calendula_officinalis",0.589949601
"824","Calendula_arvensis",0.549003262
"825","Buphthalmum_salicifolium",0.382017043
"826","Pulicaria_dysenterica",-0.37675071
"827","Inula_helenium",-0.167491087
"828","Inula_salicina",-0.552841969
"829","Inula_hirta",-0.187086643
"830","Inula_britannica",-0.537602002
"831","Cichorium_intybus",0.537819095
"832","Tolpis_staticifolia",-0.340264398
"833","Chondrilla_juncea",-0.119186408
"834","Jurinea_cyanoides",0.130333768
"835","Doronicum_grandiflorum",-0.051655509
"836","Doronicum_clusii",-0.026872146
"837","Echinops_sphaerocephalus",0.209515015
"838","Onopordum_acanthium",0.396199347
"839","Carduus_tenuiflorus",-0.102372909
"840","Carduus_crispus",0.123851641
"841","Carduus_acanthoides",-0.408935393
"842","Carduus_nutans",-0.236572006
"843","Carlina_acaulis",-0.070581074
"844","Cirsium_helenioides",-0.698970004
"845","Cirsium_palustre",-0.366531544
"846","Cirsium_arvense",-0.431798276
"847","Cirsium_vulgare",-0.045757491
"848","Cirsium_spinosissimum",-0.301290651
"849","Centaurea_cyanus",0.633468456
"850","Centaurea_montana",0.674861141
"851","Carthamus_tinctorius",0.63447727
"852","Carthamus_lanatus",0.499687083
"853","Centaurea_scabiosa",0.558708571
"854","Centaurea_nigra",0.605305046
"855","Centaurea_jacea",0.57634135
"856","Centaurea_maculosa",0.434568904
"857","Arctium_minus",0.558708571
"858","Arctium_lappa",0.649334859
"859","Saussurea_alpina",-0.124938737
"860","Scorzonera_hispanica",0.250420002
"861","Scorzonera_laciniata",0.021189299
"862","Scorzonera_austriaca",0.045322979
"863","Tragopogon_porrifolius",-0.48148606
"864","Tragopogon_dubius",-0.022276395
"865","Tragopogon_pratensis",-0.13667714
"866","Hieracium_intybaceum",-0.053695145
"867","Hieracium_pilosella",-0.073143291
"868","Hieracium_lactucella",-0.096910013
"869","Hieracium_aurantiacum",-0.420216403
"870","Hieracium_flagellare",-0.431798276
"871","Hieracium_piloselloides",-0.200659451
"872","Hieracium_caespitosum",-0.30980392
"873","Hieracium_echioides",-0.026872146
"874","Hieracium_alpinum",-0.031816024
"875","Hieracium_porrifolium",0.096910013
"876","Hieracium_sabaudum",-0.060480747
"877","Hieracium_laevigatum",-0.031517051
"878","Hieracium_umbellatum",-0.075720714
"879","Hieracium_glaucum",-0.142667504
"880","Hieracium_murorum",-0.22184875
"881","Hieracium_bifidum",-0.236572006
"882","Cicerbita_alpina",0.008600172
"883","Mycelis_muralis",-0.327902142
"884","Lactuca_virosa",0.064457989
"885","Lactuca_serriola",-0.113509275
"886","Lactuca_perennis",0.244524512
"887","Lapsana_communis",0.555094449
"888","Crepis_praemorsa",0.113943352
"889","Crepis_mollis",-0.26760624
"890","Crepis_paludosa",-0.036212173
"891","Crepis_foetida",0.344392274
"892","Crepis_vesicaria",-0.397940009
"893","Crepis_capillaris",-0.37675071
"894","Crepis_biennis",0.176091259
"895","Prenanthes_purpurea",-0.070581074
"896","Hypochaeris_glabra",-0.031517051
"897","Picris_hieracioides",0.029383778
"898","Leontodon_hispidus",0.173186268
"899","Leontodon_taraxacoides",-0.013228266
"900","Leontodon_incanus",0
"901","Hypochaeris_maculata",-0.080921908
"902","Hypochaeris_uniflora",-0.207608311
"903","Sonchus_arvensis",0.113943352
"904","Aposeris_foetida",0.525044807
"905","Sonchus_palustris",-0.366531544
"906","Sonchus_asper",-0.431798276
"907","Sonchus_oleraceus",-0.236572006
"908","Cotula_coronopifolia",0.190331698
"909","Tussilago_farfara",-0.677780705
"910","Homogyne_alpina",-0.375800438
"911","Adenostyles_leucophylla",-0.141866005
"912","Senecio_nemorensis",-0.337242168
"913","Senecio_doronicum",-0.283996656
"914","Senecio_vulgaris",-0.37675071
"915","Senecio_vernalis",0.11058971
"916","Senecio_sylvaticus",-0.619788758
"917","Senecio_viscosus",-0.180456064
"918","Senecio_squalidus",-0.337242168
"919","Senecio_inaequidens",-0.060480747
"920","Aster_amellus",-0.008773924
"921","Cicerbita_macrophylla",-0.537602002
"922","Aster_tripolium",-0.060480747
"923","Aster_bellidiastrum",-0.402348684
"924","Bellis_perennis",0.247973266
"925","Conyza_bonariensis",-0.537602002
"926","Erigeron_karvinskianus",-0.318758763
"927","Conyza_canadensis",-0.30980392
"928","Solidago_virgaurea",-0.080921908
"929","Rudbeckia_hirta",0.328379603
"930","Solidago_canadensis",-0.337242168
"931","Solidago_gigantea",-0.102372909
"932","Artemisia_campestris",0.397940009
"933","Artemisia_vulgaris",0.190331698
"934","Leucanthemum_vulgare",0.457881897
"935","Chrysanthemum_segetum",0.561101384
"936","Chrysanthemum_coronarium",0.612783857
"937","Tanacetum_vulgare",0.367355921
"938","Achillea_ptarmica",0.356025857
"939","Tanacetum_corymbosum",0.26245109
"940","Achillea_nana",0.178516524
"941","Achillea_atrata",-0.03421524
"942","Achillea_nobilis",0.055110638
"943","Achillea_millefolium",0.283301229
"944","Achillea_filipendulina",0.146128036
"945","Antennaria_dioica",-0.769551079
"946","Antennaria_carpatica",-0.677780705
"947","Logfia_minima",-0.619788758
"948","Helichrysum_arenarium",-0.443697499
"949","Bidens_frondosa",0.380211242
"950","Bidens_cernua",0.247973266
"951","Bidens_tripartita",0.369215857
"952","Arnica_montana",-0.080921908
"953","Eupatorium_cannabinum",0.008600172
"954","Galinsoga_ciliata",0.127104798
"955","Helianthus_annuus",0.7355989
"956","Xanthium_strumarium",0.64246452
"957","Hedypnois_cretica",0.482873584
"958","Hieracium_amplexicaule",0.255272505
"959","Hieracium_vulgatum",-0.026872146
"960","Tripleurospermum_perforatum",0.356025857
"961","Leuzea_rhapontica",-0.301029996
"962","Artemisia_maritima",0.5289167
"963","Artemisia_genipi",0.204499824
"964","Achillea_cartilaginea",0.397940009
"965","Leucanthemopsis_alpina",0.164352856
"966","Serratula_tinctoria",0.021189299
"967","Filago_lutescens",0.037306951
"968","Leucanthemum_heterophyllum",0.378397901
"969","Leontodon_autumnalis",0.276461804
"970","Leontodon_pyrenaicus",0.247973266
"971","Crepis_terglouensis",-0.102906484
"972","Erigeron_acer",-0.327902142
"973","Erigeron_alpinus",-0.172591952
"974","Bidens_connata",0.394451681
"975","Bidens_radiata",0.184691431
"976","Senecio_erucifolius",-0.420216403
"977","Senecio_jacobaea",0
"978","Senecio_incanus",-0.061245179
"979","Senecio_paludosus",-0.200659451
"980","Senecio_aquaticus",0.004321374
"981","Filaginella_uliginosa",-0.585026652
"982","Rudbeckia_laciniata",0.517195898
"983","Telekia_speciosissima",0.206825876
"984","Taraxacum_species",-0.13076828
"985","Menyanthes_trifoliata",0.598790507
"986","Lobelia_erinus",0.212187604
"987","Lobelia_dortmanna",0.173186268
"988","Campanula_thyrsoides",0.132451813
"989","Campanula_spicata",0.173186268
"990","Campanula_latifolia",0.307496038
"991","Campanula_trachelium",0.382017043
"992","Campanula_sibirica",0.127104798
"993","Campanula_rapunculoides",0.361727836
"994","Campanula_glomerata",0.334453751
"995","Jasione_montana",0.158362492
"996","Jasione_laevis",0.294466226
"997","Campanula_carpatica",0.227886705
"998","Campanula_pyramidalis",0.247973266
"999","Campanula_cenisia",0.083215862
"1000","Campanula_rotundifolia",0.271841607
"1001","Campanula_scheuchzeri",0.223288219
"1002","Campanula_persicifolia",0.269512944
"1003","Phyteuma_spicatum",0.385606274
"1004","Physoplexis_comosa",0.250420002
"1005","Phyteuma_ovatum",0.352182518
"1006","Phyteuma_betonicifolium",0.141449773
"1007","Phyteuma_scheuchzeri",0.167317335
"1008","Campanula_cervicaria",0.155336037
"1009","Campanula_barbata",0.152746864
"1010","Adenophora_lilifolia",0.46834733
"1011","Scabiosa_lucida",0.230448921
"1012","Lonicera_periclymenum",0.598790507
"1013","Lonicera_caerulea",0.552668216
"1014","Scabiosa_atropurpurea",0.456366033
"1015","Scabiosa_columbaria",0.434568904
"1016","Scabiosa_ochroleuca",0.463892989
"1017","Succisa_pratensis",0.478566496
"1018","Succisella_inflexa",0.457881897
"1019","Knautia_arvensis",0.557507202
"1020","Dipsacus_fullonum",0.534026106
"1021","Dipsacus_laciniatus",0.408239965
"1022","Dipsacus_pilosus",0.57863921
"1023","Valerianella_carinata",0.285557309
"1024","Valerianella_dentata",0.489958479
"1025","Valeriana_officinalis",0.130333768
"1026","Valeriana_dioica",-0.008773924
"1027","Centranthus_ruber",0.033423755
"1028","Viburnum_opulus",0.612783857
"1029","Symphytum_officinale",0.655138435
"1030","Symphytum_tuberosum",0.638489257
"1031","Phacelia_tanacetifolia",0.558708571
"1032","Cynoglossum_officinale",0.627365857
"1033","Myosotis_arvensis",0.488550717
"1034","Myosotis_ramosissima",0.322219295
"1035","Myosotis_alpestris",0.462397998
"1036","Myosotis_scorpioides",0.387389826
"1037","Myosotis_stricta",0.274157849
"1038","Pulmonaria_officinalis",0.609594409
"1039","Anchusa_azurea",0.695481676
"1040","Borago_officinalis",0.748188027
"1041","Anchusa_officinalis",0.598790507
"1042","Echium_vulgare",0.605305046
"1043","Buglossoides_purpurocaerulea",0.62324929
"1044","Buglossoides_arvensis",0.665580991
"1045","Galium_schultesii",0.445604203
"1046","Galium_megalospermum",0.253652948
"1047","Galium_sterneri",0.519827994
"1048","Galium_truniacum",0.353800865
"1049","Asperula_aristata",0.547774705
"1050","Galium_verrucosum",0.664641976
"1051","Galium_odoratum",0.380211242
"1052","Galium_aparine",0.683947131
"1053","Galium_saxatile",0.552668216
"1054","Galium_pumilum",0.495544338
"1055","Galium_parisiense",0.519827994
"1056","Galium_uliginosum",0.495544338
"1057","Galium_mollugo",0.542202782
"1058","Galium_album",0.5289167
"1059","Galium_lucidum",0.574031268
"1060","Galium_verum",0.549003262
"1061","Galium_sylvaticum",0.596597096
"1062","Asperula_purpurea",0.559906625
"1063","Sherardia_arvensis",0.627365857
"1064","Asperula_cynanchica",0.378397901
"1065","Galium_palustre",0.571708832
"1066","Cruciata_glabra",0.610660163
"1067","Cruciata_laevipes",0.656098202
"1068","Galium_boreale",0.517195898
"1069","Gentianella_uliginosa",0.419955748
"1070","Blackstonia_perfoliata",-0.075720714
"1071","Centaurium_pulchellum",0.10720997
"1072","Centaurium_erythraea",0.004321374
"1073","Gentiana_utriculosa",0.271841607
"1074","Gentiana_verna",0.195899652
"1075","Gentiana_clusii",0.471291711
"1076","Gentiana_asclepiadea",0.045322979
"1077","Gentiana_lutea",0.334453751
"1078","Gentiana_punctata",0.06081112
"1079","Gentiana_pneumonanthe",0.155336037
"1080","Gentiana_cruciata",0.283301229
"1081","Swertia_perennis",0.389166084
"1082","Gentianella_germanica",0.499687083
"1083","Gentianella_campestris",0.489958479
"1084","Gentianella_amarella",0.414973348
"1085","Vinca_minor",0.644438589
"1086","Vincetoxicum_hirundinaria",-0.148741651
"1087","Asclepias_syriaca",-0.522878745
"1088","Teucrium_montanum",0.447158031
"1089","Teucrium_chamaedrys",0.582063363
"1090","Teucrium_scorodonia",0.589949601
"1091","Scutellaria_minor",0.403120521
"1092","Galeopsis_angustifolia",0.490590487
"1093","Galeopsis_tetrahit",0.635483747
"1094","Galeopsis_bifida",0.624282096
"1095","Melittis_melissophyllum",0.57054294
"1096","Stachys_sylvatica",0.592176757
"1097","Stachys_recta",0.57054294
"1098","Stachys_officinalis",0.534026106
"1099","Stachys_palustris",0.582063363
"1100","Ballota_nigra",0.491361694
"1101","Marrubium_vulgare",0.589949601
"1102","Lamium_album",0.534026106
"1103","Lamium_maculatum",0.540329475
"1104","Salvia_glutinosa",0.527629901
"1105","Origanum_vulgare",0.326335861
"1106","Thymus_pulegioides",0.414973348
"1107","Thymus_vulgaris",0.553883027
"1108","Thymus_serpyllum",0.484299839
"1109","Mentha_longifolia",0.397940009
"1110","Mentha_suaveolens",0.260071388
"1111","Mentha_pulegium",0.356025857
"1112","Mentha_aquatica",0.439332694
"1113","Mentha_arvensis",0.397940009
"1114","Clinopodium_vulgare",0.546542663
"1115","Prunella_vulgaris",0.556302501
"1116","Prunella_grandiflora",0.451786436
"1117","Horminum_pyrenaicum",0.487138375
"1118","Nepeta_cataria",0.574031268
"1119","Lycopus_europaeus",0.44870632
"1120","Salvia_verticillata",0.474216264
"1121","Salvia_pratensis",0.627365857
"1122","Thymus_praecox",0.471291711
"1123","Prunella_laciniata",0.5289167
"1124","Leonurus_cardiaca",0.489958479
"1125","Acinos_arvensis",0.374748346
"1126","Galeopsis_segetum",0.392784858
"1127","Galeopsis_ladanum",0.367449107
"1128","Verbascum_lychnitis",0.344392274
"1129","Buddleja_davidii",0.146128036
"1130","Verbascum_nigrum",0.385606274
"1131","Verbascum_thapsus",0.36361198
"1132","Scrophularia_nodosa",0.29666519
"1133","Scrophularia_auriculata",0.318063335
"1134","Scrophularia_umbrosa",0.283301229
"1135","Mimulus_guttatus",0.181843588
"1136","Verbena_officinalis",0.431363764
"1137","Rhinanthus_angustifolius",0.40654018
"1138","Melampyrum_pratense",0.658011397
"1139","Melampyrum_cristatum",0.633468456
"1140","Rhinanthus_alectorolophus",0.474216264
"1141","Rhinanthus_glacialis",0.474216264
"1142","Rhinanthus_minor",0.338456494
"1143","Bartsia_alpina",0.294466226
"1144","Euphrasia_officinalis",0.326335861
"1145","Euphrasia_minima",0.471130288
"1146","Euphrasia_stricta",0.301029996
"1147","Orobanche_hederae",-0.30980392
"1148","Pedicularis_verticillata",0.339570682
"1149","Odontites_verna",0.424881637
"1150","Pedicularis_palustris",0.571708832
"1151","Pedicularis_sceptrum-carolinum",0.190331698
"1152","Pinguicula_vulgaris",0.164352856
"1153","Veronica_prostrata",0.324282455
"1154","Veronica_anagallis-aquatica",0.193124598
"1155","Linaria_purpurea",0.230448921
"1156","Cymbalaria_pallida",0.408239965
"1157","Globularia_punctata",0.269512944
"1158","Plantago_alpina",0.540329475
"1159","Gratiola_officinalis",0.045322979
"1160","Chaenorhinum_minus",0.230448921
"1161","Antirrhinum_majus",0.271841607
"1162","Linaria_vulgaris",0.354108439
"1163","Linaria_repens",0.192567453
"1164","Linaria_alpina",0.012837225
"1165","Callitriche_stagnalis",0.053078443
"1166","Globularia_nudicaulis",0.309630167
"1167","Globularia_cordifolia",0.127104798
"1168","Digitalis_purpurea",0.292256071
"1169","Plantago_lanceolata",0.633468456
"1170","Plantago_lagopus",0.413299764
"1171","Plantago_maritima",0.571708832
"1172","Plantago_coronopus",0.506505032
"1173","Plantago_major",0.463892989
"1174","Plantago_media",0.44870632
"1175","Veronica_beccabunga",0.225309282
"1176","Veronica_catenata",0.149219113
"1177","Veronica_scutellata",0.307496038
"1178","Veronica_urticifolia",0.230448921
"1179","Veronica_officinalis",0.372912003
"1180","Veronica_triphyllos",0.348304863
"1181","Veronica_hederifolia",0.541579244
"1182","Veronica_arvensis",0.348304863
"1183","Veronica_verna",0.100370545
"1184","Veronica_chamaedrys",0.40654018
"1185","Veronica_persica",0.511883361
"1186","Fraxinus_pennsylvanica",0.209515015
"1187","Fraxinus_americana",0.204119983
"1188","Fraxinus_excelsior",0.336459734
"1189","Syringa_vulgaris",0.426511261
"1190","Nicotiana_alata",0.361727836
"1191","Solanum_dulcamara",0.534026106
"1192","Cuscuta_europaea",0.552668216
"1193","Cuscuta_campestris",0.540329475
"1194","Convolvulus_althaeoides",0.684845362
"1195","Convolvulus_arvensis",0.688419822
"1196","Calystegia_sepium",0.699837726
"1197","Ipomoea_purpurea",0.73479983
"1198","Vaccinium_vitis-idaea",0.46834733
"1199","Ledum_palustre",-0.236572006
"1200","Calluna_vulgaris",0.167317335
"1201","Erica_ciliaris",0.037426498
"1202","Erica_tetralix",0.08278537
"1203","Erica_cinerea",0.198657087
"1204","Rhodothamnus_chamaecistus",0.139879086
"1205","Rhododendron_ponticum",0.021189299
"1206","Chamaedaphne_calyculata",0.271841607
"1207","Andromeda_polifolia",0.352182518
"1208","Vaccinium_myrtillus",0.444044796
"1209","Erica_herbacea",0.250420002
"1210","Polemonium_caeruleum",0.51851394
"1211","Samolus_valerandi",0.139879086
"1212","Trientalis_europaea",0.499687083
"1213","Anagallis_tenella",0.334453751
"1214","Anagallis_minima",0.187520721
"1215","Lysimachia_punctata",0.474216264
"1216","Lysimachia_vulgaris",0.431363764
"1217","Androsace_septentrionalis",0.29992113
"1218","Androsace_alpina",0.276070993
"1219","Androsace_lactea",0.230448921
"1220","Primula_elatior",0.517195898
"1221","Primula_veris",0.564666064
"1222","Primula_vulgaris",0.558708571
"1223","Primula_farinosa",0.28780173
"1224","Soldanella_pusilla",0.363762359
"1225","Primula_auricula",0.40654018
"1226","Impatiens_noli-tangere",0.612783857
"1227","Impatiens_parviflora",0.64246452
"1228","Impatiens_glandulifera",0.673941999
"1229","Ranunculus_ficaria",0.419955748
"1230","Ranunculus_parnassiifolius",0.378579576
"1231","Aquilegia_einseleana",0.498310554
"1232","Aquilegia_vulgaris",0.58546073
"1233","Aquilegia_atrata",0.5774918
"1234","Thalictrum_minus",0.565847819
"1235","Thalictrum_flavum",0.552668216
"1236","Thalictrum_lucidum",0.506505032
"1237","Adonis_vernalis",0.204119983
"1238","Trollius_europaeus",0.551449998
"1239","Caltha_palustris",0.499687083
"1240","Nigella_damascena",0.542825427
"1241","Aconitum_napellus",0.522444234
"1242","Helleborus_foetidus",0.673941999
"1243","Helleborus_niger",0.660865478
"1244","Helleborus_viridis",0.658011397
"1245","Anemone_nemorosa",0.499687083
"1246","Anemone_ranunculoides",0.565847819
"1247","Pulsatilla_vernalis",0
"1248","Pulsatilla_vulgaris",0.255272505
"1249","Pulsatilla_pratensis",0.096910013
"1250","Hepatica_nobilis",0.501059262
"1251","Clematis_recta",0.57863921
"1252","Clematis_alpina",0
"1253","Clematis_vitalba",0.201397124
"1254","Myosurus_minimus",0.276461804
"1255","Ranunculus_aconitifolius",0.571708832
"1256","Ranunculus_platanifolius",0.551449998
"1257","Ranunculus_glacialis",0.104964846
"1258","Ranunculus_auricomus",0.499687083
"1259","Ranunculus_sceleratus",0.334453751
"1260","Ranunculus_thora",0.650307523
"1261","Ranunculus_hybridus",0.427988924
"1262","Ranunculus_flammula",0.507855872
"1263","Ranunculus_arvensis",0.892651034
"1264","Ranunculus_bulbosus",0.558708571
"1265","Ranunculus_sardous",0.5289167
"1266","Ranunculus_repens",0.540329475
"1267","Ranunculus_acris",0.558708571
"1268","Pulsatilla_alpina",0.326335861
"1269","Fumaria_muralis",0.491361694
"1270","Eschscholzia_californica",0.63447727
"1271","Chelidonium_majus",0.551449998
"1272","Glaucium_flavum",0.571708832
"1273","Argemone_mexicana",0.654176542
"1274","Papaver_argemone",0.40654018
"1275","Papaver_dubium",0.401400541
"1276","Papaver_rhoeas",0.385606274
"1277","Papaver_somniferum",0.698970004
"1278","Corydalis_solida",0.565847819
"1279","Fumaria_officinalis",0.64246452
"1280","Platanus_occidentalis",0.220108088
"1281","Asarum_europaeum",0.58546073
"1282","Aristolochia_clematitis",0.605305046
"1283","Liriodendron_tulipifera",0.096910013
"1284","Cedrus_atlantica",0.278753601
"1285","Cryptomeria_japonica",0.45331834
"1286","Thuja_plicata",0.096910013
"1287","Juniperus_communis",0.673941999
